PassengerId,Survived,Pclass,Name,Sex,Age,SibSp,Parch,Ticket,Fare,Cabin,Embarked
1,0,3,"Braund, Mr. Owen Harris", MALE ,22.0,1,0,A/5 21171,7.25,,S
2,1,1,"Cumings, Mrs. John Bradley",FEMALE,38.0,1,0,PC 17599,71.2833,C85,C
3,1,3,"Heikkinen, Miss. Laina",female,26.0,0,0,STON/O2. 3101282,7.925,,S
4,1,1,"Futrelle, Mrs. Jacques Heath",female,35.0,1,0,113803,53.1,C123,S
5,0,3,"Allen, Mr. William Henry",male,,0,0,373450,8.05,,S
6,0,3,"Moran, Mr. James", male,,0,0,330877,8.4583,,Q
7,0,1,"McCarthy, Mr. Timothy J",MALE,54.0,0,0,17463,51.8625,E46,S
8,0,3,"Palsson, Master. Gosta Leonard",male,2.0,3,1,349909,21.075,,S
9,1,3,"Johnson, Mrs. Oscar W",Female,27.0,0,2,347742,11.1333,,S
10,1,2,"Nasser, Mrs. Nicholas",FEMALE,14.0,1,0,237736,30.0708,,C
11,1,3,"Sandstrom, Miss. Marguerite",female,4.0,1,1,PP 9549,16.7,G6,S
12,1,1,"Bonnell, Miss. Elizabeth",female,58.0,0,0,113783,26.55,C103,S
13,0,3,"Saundercock, Mr. William Henry",male,20.0,0,0,A/5. 2151,8.05,,S
14,0,3,"Andersson, Mr. Anders Johan",male,39.0,1,5,347082,31.275,,S
15,0,3,"Vestrom, Miss. Hulda Amanda Adolfina",female,14.0,0,0,350406,7.8542,,S
16,1,2,"Hewlett, Mrs. Mary D",female,55.0,0,0,248706,16.0,,S
17,0,3,"Rice, Master. Eugene",male,2.0,4,1,382652,29.125,,Q
18,1,2,"Williams, Mr. Charles Eugene",male,,0,0,244373,13.0,,S
19,0,3,"Vander Planke, Mrs. Julius",female,31.0,1,0,345763,18.0,,
20,1,3,"Masselmani, Mrs. Fatima",female,31.0,0,0,2649,7.225,,C
21,0,2,"Fynney, Mr. Joseph J",male,35.0,0,0,239865,26.0,,S
22,1,2,"Beesley, Mr. Lawrence",MALE,34.0,0,0,248698,13.0,D56,S
23,1,3,"McGough, Mr. James Robert", male ,15.0,0,0,330923,8.0292,,Q
24,1,1,"Sloper, Mr. William Thompson",male,28.0,0,0,113788,35.5,A6,S
25,0,3,"Palsson, Miss. Torborg Danira",FEMALE,8.0,3,1,349909,21.075,,S
26,1,3,"Asim, Mr. Adola",male,26.0,0,0,2690,7.225,,C
27,0,3,"Emir, Mr. Farred Chehab",MALE,28.0,0,0,2631,7.225,,C
28,0,1,"Fortune, Mr. Charles Alexander",male,19.0,3,2,19950,263.0,C23 C25 C27,S
29,1,3,"O'Dwyer, Miss. Ellen",female,,0,0,330959,7.8792,,Q
30,0,3,"Todoroff, Mr. Lalio",male,28.0,0,0,349216,7.8958,,S
1,0,3,"Braund, Mr. Owen Harris", MALE ,22.0,1,0,A/5 21171,7.25,,S
